team,twitter
Dallas Cowboys,"<a class=""twitter-timeline"" href=""https://twitter.com/dallascowboys"" data-widget-id=""622895927846514688"">Tweets by @dallascowboys</a>
<script>!function(d,s,id){var js,fjs=d.getElementsByTagName(s)[0],p=/^http:/.test(d.location)?'http':'https';if(!d.getElementById(id)){js=d.createElement(s);js.id=id;js.src=p+""://platform.twitter.com/widgets.js"";fjs.parentNode.insertBefore(js,fjs);}}(document,""script"",""twitter-wjs"");</script>"
New York Giants,"<a class=""twitter-timeline"" href=""https://twitter.com/Giants"" data-widget-id=""622896158902370304"">Tweets by @Giants</a>
<script>!function(d,s,id){var js,fjs=d.getElementsByTagName(s)[0],p=/^http:/.test(d.location)?'http':'https';if(!d.getElementById(id)){js=d.createElement(s);js.id=id;js.src=p+""://platform.twitter.com/widgets.js"";fjs.parentNode.insertBefore(js,fjs);}}(document,""script"",""twitter-wjs"");</script>"
Philadelphia Eagles,"<a class=""twitter-timeline"" href=""https://twitter.com/Eagles"" data-widget-id=""622896433272745984"">Tweets by @Eagles</a>
<script>!function(d,s,id){var js,fjs=d.getElementsByTagName(s)[0],p=/^http:/.test(d.location)?'http':'https';if(!d.getElementById(id)){js=d.createElement(s);js.id=id;js.src=p+""://platform.twitter.com/widgets.js"";fjs.parentNode.insertBefore(js,fjs);}}(document,""script"",""twitter-wjs"");</script>"
Washington Redskins,"<a class=""twitter-timeline"" href=""https://twitter.com/Redskins"" data-widget-id=""622896586666848256"">Tweets by @Redskins</a>
<script>!function(d,s,id){var js,fjs=d.getElementsByTagName(s)[0],p=/^http:/.test(d.location)?'http':'https';if(!d.getElementById(id)){js=d.createElement(s);js.id=id;js.src=p+""://platform.twitter.com/widgets.js"";fjs.parentNode.insertBefore(js,fjs);}}(document,""script"",""twitter-wjs"");</script>"
Arizona Cardinals,"<a class=""twitter-timeline"" href=""https://twitter.com/AZCardinals"" data-widget-id=""622894640778219521"">Tweets by @AZCardinals</a>
<script>!function(d,s,id){var js,fjs=d.getElementsByTagName(s)[0],p=/^http:/.test(d.location)?'http':'https';if(!d.getElementById(id)){js=d.createElement(s);js.id=id;js.src=p+""://platform.twitter.com/widgets.js"";fjs.parentNode.insertBefore(js,fjs);}}(document,""script"",""twitter-wjs"");</script>"
San Francisco 49ers,"<a class=""twitter-timeline"" href=""https://twitter.com/49ers"" data-widget-id=""622896918910205952"">Tweets by @49ers</a>
<script>!function(d,s,id){var js,fjs=d.getElementsByTagName(s)[0],p=/^http:/.test(d.location)?'http':'https';if(!d.getElementById(id)){js=d.createElement(s);js.id=id;js.src=p+""://platform.twitter.com/widgets.js"";fjs.parentNode.insertBefore(js,fjs);}}(document,""script"",""twitter-wjs"");</script>"
Seattle Seahawks,"<a class=""twitter-timeline"" href=""https://twitter.com/Seahawks"" data-widget-id=""622898288732213248"">Tweets by @Seahawks</a>
<script>!function(d,s,id){var js,fjs=d.getElementsByTagName(s)[0],p=/^http:/.test(d.location)?'http':'https';if(!d.getElementById(id)){js=d.createElement(s);js.id=id;js.src=p+""://platform.twitter.com/widgets.js"";fjs.parentNode.insertBefore(js,fjs);}}(document,""script"",""twitter-wjs"");</script>"
St Louis Rams,"<a class=""twitter-timeline"" href=""https://twitter.com/STLouisRams"" data-widget-id=""622898481691168768"">Tweets by @STLouisRams</a>
<script>!function(d,s,id){var js,fjs=d.getElementsByTagName(s)[0],p=/^http:/.test(d.location)?'http':'https';if(!d.getElementById(id)){js=d.createElement(s);js.id=id;js.src=p+""://platform.twitter.com/widgets.js"";fjs.parentNode.insertBefore(js,fjs);}}(document,""script"",""twitter-wjs"");</script>"
Chicago Bears,"<a class=""twitter-timeline"" href=""https://twitter.com/ChicagoBears"" data-widget-id=""622898690793996288"">Tweets by @ChicagoBears</a>
<script>!function(d,s,id){var js,fjs=d.getElementsByTagName(s)[0],p=/^http:/.test(d.location)?'http':'https';if(!d.getElementById(id)){js=d.createElement(s);js.id=id;js.src=p+""://platform.twitter.com/widgets.js"";fjs.parentNode.insertBefore(js,fjs);}}(document,""script"",""twitter-wjs"");</script>"
Detroit Lions,"<a class=""twitter-timeline"" href=""https://twitter.com/Lions"" data-widget-id=""622898886470819840"">Tweets by @Lions</a>
<script>!function(d,s,id){var js,fjs=d.getElementsByTagName(s)[0],p=/^http:/.test(d.location)?'http':'https';if(!d.getElementById(id)){js=d.createElement(s);js.id=id;js.src=p+""://platform.twitter.com/widgets.js"";fjs.parentNode.insertBefore(js,fjs);}}(document,""script"",""twitter-wjs"");</script>"
Green Bay Packers,"<a class=""twitter-timeline"" href=""https://twitter.com/packers"" data-widget-id=""622899019749023744"">Tweets by @packers</a>
<script>!function(d,s,id){var js,fjs=d.getElementsByTagName(s)[0],p=/^http:/.test(d.location)?'http':'https';if(!d.getElementById(id)){js=d.createElement(s);js.id=id;js.src=p+""://platform.twitter.com/widgets.js"";fjs.parentNode.insertBefore(js,fjs);}}(document,""script"",""twitter-wjs"");</script>
"
Minnesota Vikings,"<a class=""twitter-timeline"" href=""https://twitter.com/Vikings"" data-widget-id=""622899281750405120"">Tweets by @Vikings</a>
<script>!function(d,s,id){var js,fjs=d.getElementsByTagName(s)[0],p=/^http:/.test(d.location)?'http':'https';if(!d.getElementById(id)){js=d.createElement(s);js.id=id;js.src=p+""://platform.twitter.com/widgets.js"";fjs.parentNode.insertBefore(js,fjs);}}(document,""script"",""twitter-wjs"");</script>"
Atlanta Falcons,"<a class=""twitter-timeline"" href=""https://twitter.com/AtlantaFalcons"" data-widget-id=""622899550664065024"">Tweets by @AtlantaFalcons</a>
<script>!function(d,s,id){var js,fjs=d.getElementsByTagName(s)[0],p=/^http:/.test(d.location)?'http':'https';if(!d.getElementById(id)){js=d.createElement(s);js.id=id;js.src=p+""://platform.twitter.com/widgets.js"";fjs.parentNode.insertBefore(js,fjs);}}(document,""script"",""twitter-wjs"");</script>"
Carolina Panthers,"<a class=""twitter-timeline"" href=""https://twitter.com/Panthers"" data-widget-id=""622899698873970688"">Tweets by @Panthers</a>
<script>!function(d,s,id){var js,fjs=d.getElementsByTagName(s)[0],p=/^http:/.test(d.location)?'http':'https';if(!d.getElementById(id)){js=d.createElement(s);js.id=id;js.src=p+""://platform.twitter.com/widgets.js"";fjs.parentNode.insertBefore(js,fjs);}}(document,""script"",""twitter-wjs"");</script>"
New Orleans Saints,"<a class=""twitter-timeline"" href=""https://twitter.com/Saints"" data-widget-id=""622899845515194368"">Tweets by @Saints</a>
<script>!function(d,s,id){var js,fjs=d.getElementsByTagName(s)[0],p=/^http:/.test(d.location)?'http':'https';if(!d.getElementById(id)){js=d.createElement(s);js.id=id;js.src=p+""://platform.twitter.com/widgets.js"";fjs.parentNode.insertBefore(js,fjs);}}(document,""script"",""twitter-wjs"");</script>"
Tampa Bay Buccaneers,"<a class=""twitter-timeline"" href=""https://twitter.com/TBBuccaneers"" data-widget-id=""622900096644952064"">Tweets by @TBBuccaneers</a>
<script>!function(d,s,id){var js,fjs=d.getElementsByTagName(s)[0],p=/^http:/.test(d.location)?'http':'https';if(!d.getElementById(id)){js=d.createElement(s);js.id=id;js.src=p+""://platform.twitter.com/widgets.js"";fjs.parentNode.insertBefore(js,fjs);}}(document,""script"",""twitter-wjs"");</script>"
Tennessee Titans,"<a class=""twitter-timeline"" href=""https://twitter.com/TBBuccaneers"" data-widget-id=""622900096644952064"">Tweets by @TBBuccaneers</a>
<script>!function(d,s,id){var js,fjs=d.getElementsByTagName(s)[0],p=/^http:/.test(d.location)?'http':'https';if(!d.getElementById(id)){js=d.createElement(s);js.id=id;js.src=p+""://platform.twitter.com/widgets.js"";fjs.parentNode.insertBefore(js,fjs);}}(document,""script"",""twitter-wjs"");</script>"
Jacksonville Jaguars,"<a class=""twitter-timeline"" href=""https://twitter.com/Jaguars"" data-widget-id=""622900614385635328"">Tweets by @Jaguars</a>
<script>!function(d,s,id){var js,fjs=d.getElementsByTagName(s)[0],p=/^http:/.test(d.location)?'http':'https';if(!d.getElementById(id)){js=d.createElement(s);js.id=id;js.src=p+""://platform.twitter.com/widgets.js"";fjs.parentNode.insertBefore(js,fjs);}}(document,""script"",""twitter-wjs"");</script>"
Indianapolis Colts,"<a class=""twitter-timeline"" href=""https://twitter.com/Colts"" data-widget-id=""622900730504941568"">Tweets by @Colts</a>
<script>!function(d,s,id){var js,fjs=d.getElementsByTagName(s)[0],p=/^http:/.test(d.location)?'http':'https';if(!d.getElementById(id)){js=d.createElement(s);js.id=id;js.src=p+""://platform.twitter.com/widgets.js"";fjs.parentNode.insertBefore(js,fjs);}}(document,""script"",""twitter-wjs"");</script>"
Houston Texans,"<a class=""twitter-timeline"" href=""https://twitter.com/HoustonTexans"" data-widget-id=""622900842878799872"">Tweets by @HoustonTexans</a>
<script>!function(d,s,id){var js,fjs=d.getElementsByTagName(s)[0],p=/^http:/.test(d.location)?'http':'https';if(!d.getElementById(id)){js=d.createElement(s);js.id=id;js.src=p+""://platform.twitter.com/widgets.js"";fjs.parentNode.insertBefore(js,fjs);}}(document,""script"",""twitter-wjs"");</script>"
Pittsburgh Steelers,"<a class=""twitter-timeline"" href=""https://twitter.com/steelers"" data-widget-id=""622901060156264448"">Tweets by @steelers</a>
<script>!function(d,s,id){var js,fjs=d.getElementsByTagName(s)[0],p=/^http:/.test(d.location)?'http':'https';if(!d.getElementById(id)){js=d.createElement(s);js.id=id;js.src=p+""://platform.twitter.com/widgets.js"";fjs.parentNode.insertBefore(js,fjs);}}(document,""script"",""twitter-wjs"");</script>"
Cleveland Browns,"<a class=""twitter-timeline"" href=""https://twitter.com/Browns"" data-widget-id=""622901160328859648"">Tweets by @Browns</a>
<script>!function(d,s,id){var js,fjs=d.getElementsByTagName(s)[0],p=/^http:/.test(d.location)?'http':'https';if(!d.getElementById(id)){js=d.createElement(s);js.id=id;js.src=p+""://platform.twitter.com/widgets.js"";fjs.parentNode.insertBefore(js,fjs);}}(document,""script"",""twitter-wjs"");</script>"
Cincinnati Bengals,"<a class=""twitter-timeline"" href=""https://twitter.com/Bengals"" data-widget-id=""622901257229893633"">Tweets by @Bengals</a>
<script>!function(d,s,id){var js,fjs=d.getElementsByTagName(s)[0],p=/^http:/.test(d.location)?'http':'https';if(!d.getElementById(id)){js=d.createElement(s);js.id=id;js.src=p+""://platform.twitter.com/widgets.js"";fjs.parentNode.insertBefore(js,fjs);}}(document,""script"",""twitter-wjs"");</script>"
Baltimore Ravens,"<a class=""twitter-timeline"" href=""https://twitter.com/Ravens"" data-widget-id=""622901342848167936"">Tweets by @Ravens</a>
<script>!function(d,s,id){var js,fjs=d.getElementsByTagName(s)[0],p=/^http:/.test(d.location)?'http':'https';if(!d.getElementById(id)){js=d.createElement(s);js.id=id;js.src=p+""://platform.twitter.com/widgets.js"";fjs.parentNode.insertBefore(js,fjs);}}(document,""script"",""twitter-wjs"");</script>"
San Diego Chargers,"<a class=""twitter-timeline"" href=""https://twitter.com/Chargers"" data-widget-id=""622901551728758784"">Tweets by @Chargers</a>
<script>!function(d,s,id){var js,fjs=d.getElementsByTagName(s)[0],p=/^http:/.test(d.location)?'http':'https';if(!d.getElementById(id)){js=d.createElement(s);js.id=id;js.src=p+""://platform.twitter.com/widgets.js"";fjs.parentNode.insertBefore(js,fjs);}}(document,""script"",""twitter-wjs"");</script>"
Oakland Raiders,"<a class=""twitter-timeline"" href=""https://twitter.com/RAIDERS"" data-widget-id=""622901683769597952"">Tweets by @RAIDERS</a>
<script>!function(d,s,id){var js,fjs=d.getElementsByTagName(s)[0],p=/^http:/.test(d.location)?'http':'https';if(!d.getElementById(id)){js=d.createElement(s);js.id=id;js.src=p+""://platform.twitter.com/widgets.js"";fjs.parentNode.insertBefore(js,fjs);}}(document,""script"",""twitter-wjs"");</script>"
Kansas City Chiefs,"<a class=""twitter-timeline"" href=""https://twitter.com/KCChiefs"" data-widget-id=""622901964347609088"">Tweets by @KCChiefs</a>
<script>!function(d,s,id){var js,fjs=d.getElementsByTagName(s)[0],p=/^http:/.test(d.location)?'http':'https';if(!d.getElementById(id)){js=d.createElement(s);js.id=id;js.src=p+""://platform.twitter.com/widgets.js"";fjs.parentNode.insertBefore(js,fjs);}}(document,""script"",""twitter-wjs"");</script>"
Denver Broncos,"<a class=""twitter-timeline"" href=""https://twitter.com/Broncos"" data-widget-id=""622902146430689280"">Tweets by @Broncos</a>
<script>!function(d,s,id){var js,fjs=d.getElementsByTagName(s)[0],p=/^http:/.test(d.location)?'http':'https';if(!d.getElementById(id)){js=d.createElement(s);js.id=id;js.src=p+""://platform.twitter.com/widgets.js"";fjs.parentNode.insertBefore(js,fjs);}}(document,""script"",""twitter-wjs"");</script>"
New York Jets,"<a class=""twitter-timeline"" href=""https://twitter.com/nyjets"" data-widget-id=""622902655065526272"">Tweets by @nyjets</a>
<script>!function(d,s,id){var js,fjs=d.getElementsByTagName(s)[0],p=/^http:/.test(d.location)?'http':'https';if(!d.getElementById(id)){js=d.createElement(s);js.id=id;js.src=p+""://platform.twitter.com/widgets.js"";fjs.parentNode.insertBefore(js,fjs);}}(document,""script"",""twitter-wjs"");</script>"
New England Patriots,"<a class=""twitter-timeline"" href=""https://twitter.com/Patriots"" data-widget-id=""622902849505079296"">Tweets by @Patriots</a>
<script>!function(d,s,id){var js,fjs=d.getElementsByTagName(s)[0],p=/^http:/.test(d.location)?'http':'https';if(!d.getElementById(id)){js=d.createElement(s);js.id=id;js.src=p+""://platform.twitter.com/widgets.js"";fjs.parentNode.insertBefore(js,fjs);}}(document,""script"",""twitter-wjs"");</script>"
Miami Dolphins,"<a class=""twitter-timeline"" href=""https://twitter.com/buffalobills"" data-widget-id=""622902955356762113"">Tweets by @buffalobills</a>
<script>!function(d,s,id){var js,fjs=d.getElementsByTagName(s)[0],p=/^http:/.test(d.location)?'http':'https';if(!d.getElementById(id)){js=d.createElement(s);js.id=id;js.src=p+""://platform.twitter.com/widgets.js"";fjs.parentNode.insertBefore(js,fjs);}}(document,""script"",""twitter-wjs"");</script>"
Buffalo Bills,"<a class=""twitter-timeline"" href=""https://twitter.com/MiamiDolphins"" data-widget-id=""622902479349399552"">Tweets by @MiamiDolphins</a>
<script>!function(d,s,id){var js,fjs=d.getElementsByTagName(s)[0],p=/^http:/.test(d.location)?'http':'https';if(!d.getElementById(id)){js=d.createElement(s);js.id=id;js.src=p+""://platform.twitter.com/widgets.js"";fjs.parentNode.insertBefore(js,fjs);}}(document,""script"",""twitter-wjs"");</script>
"
